wl [nm],total cv [%],detector cv [%],phy + sys cv [%]
726.762,0.03408383341092038,,0.03416639432669813
726.933,0.03431727601447282,0.000718249401707134,0.03430975882821764
727.104,0.03334309764851695,0.0011253836573234205,0.033324100474316866
727.274,0.033445110434954614,0.002310404677859064,0.03336521305537905
727.445,0.03313217374045739,0.004119584334348566,0.03287506595704477
727.615,0.03196724024619009,0.004506026895778914,0.031648067406591394
727.786,0.032260828989115,0.00475157768557852,0.031908989275168755
727.956,0.0324735995805664,0.004073953033978862,0.032217038603755875
728.127,0.032705757184640125,0.003917163094071682,0.03247033086242088
728.297,0.03359053872780255,0.003531367396254599,0.033404396961128825
728.467,0.034203111090794054,0.00344297556887237,0.03402938035758728
728.638,0.03380541619557924,0.003666766108963625,0.03360596659015311
728.808,0.03315744079591232,0.0028418908610255457,0.03303542850438677
728.978,0.032402989183396874,0.0028066680073784377,0.03228120695878166
729.148,0.032065516642350494,,0.03207286311120076
729.319,0.031077130608151385,0.002469151010288661,0.030978885391900243
729.489,0.030762666870355945,0.0011856260068844144,0.03073981073377477
729.659,0.030470180588713678,0.0011658460712467757,0.0304478686946555
729.829,0.030515691113128383,0.0020115055584488265,0.03044932264435766
729.999,0.030702093801444147,0.0018150132145951922,0.03064839785084238
730.169,0.030790740612442014,0.0009517696767302284,0.03077602706564223
730.339,0.030121559692556286,0.00029286997067668515,0.03012013588104322
730.509,0.02970646901389372,0.0015814849606997107,0.02966434234215396
730.679,0.030391156261961,0.002534698448371792,0.03028527171274435
730.849,0.02954178986217058,0.0031689383734880543,0.029371332585459573
731.019,0.029590965868607686,0.0035808569706197416,0.029373503781351472
731.188,0.029984904098691333,0.003647182421953223,0.02976226695311887
731.358,0.029659957912478767,0.0021384945885145165,0.029582764310741923
731.528,0.030220154471924963,0.0018445886187584367,0.030163806608824312
731.698,0.03043675462172222,0.0030612412655286123,0.03028241789912347
731.867,0.030810646891048888,0.0033811783764151125,0.030624558684685783
732.037,0.030175429288696893,0.003929938885513697,0.02991842430866428
732.206,0.030487756196535484,0.003605230984122693,0.03027384328839848
732.376,0.031005554143168235,0.0038409368697157166,0.03076672864780712
732.545,0.031582713855596654,0.003610121802492896,0.03137570453480945
732.715,0.030998151351328617,0.0038744612747948068,0.030755063599836555
732.884,0.030127899048239048,0.003608866430631616,0.029910974309553067
733.054,0.029412620226572078,0.0038345098205316303,0.0291615974018709
733.223,0.029041992051267795,0.003135395885609072,0.028872246101514294
733.393,0.02927033305409192,0.003529301991624456,0.02905677932168983
733.562,0.02913174011492446,0.0053735264837090875,0.02863186154011604
733.731,0.029300324187224832,0.005876268163086186,0.028705025168983427
733.9,0.029582425978840574,0.005670126653740612,0.02903393859820128
734.07,0.029831802637046777,0.006408859793527979,0.029135252954498463
734.239,0.029932052271825244,0.005652775140632147,0.02939343270890166
734.408,0.02998709000619533,0.00526261521038644,0.02952169453447869
734.577,0.030043832243971808,0.004593826448085783,0.029690547560945853
734.746,0.029376640407789967,0.005208524296573286,0.028911213677405588
734.915,0.028840706168737882,0.0043554938603369816,0.028509928192544474
735.084,0.02923630943169673,0.0035848223164517096,0.029015699856205245
735.253,0.02929747535679922,0.004073324462505595,0.02901292970565729
735.422,0.029025373459402388,0.004460504710557919,0.028680589292845275
735.591,0.02875345643737882,0.004459254576857123,0.02840556821672505
735.76,0.028550452526504257,0.004917981960484176,0.028123687398784063
735.928,0.028331296965159725,0.004443132314333933,0.027980724847033362
736.097,0.02885419609974359,0.004750919698453972,0.028460382895901106
736.266,0.028353784582860746,0.0035672747620105216,0.028128484689787226
736.435,0.02826850317318131,0.0018790400265521715,0.028205983057336906
736.603,0.027705423047066354,0.0013951241224983944,0.027670274572178327
736.772,0.027374450184022216,0.002041250081037134,0.027298238422729403
736.94,0.027720118777110187,,0.027745099125638387
737.109,0.027532982701718327,,0.027537984144412966
737.278,0.02747801844475584,,0.0274881674143856
737.446,0.02722570295254811,,0.027375726501803373
737.615,0.026909864222273424,,0.027053277685774885
737.783,0.027299848617294245,,0.027374194545557316
737.951,0.027307646084079453,,0.027363183365981973
738.12,0.026960525335185972,0.0009112574986198836,0.026945120822152824
738.288,0.02672587279523009,0.0011448021783300507,0.02670134274974408
738.456,0.027193431028848684,0.0012459796158247605,0.027164871174325485
738.625,0.02814825501717607,,0.02816212835801787
738.793,0.028460912319234345,0.0004822243937333918,0.028456826767530384
738.961,0.02848267578869609,0.001593508689973443,0.02843806516166234
739.129,0.027775195561716988,0.0008213631804012326,0.02776304830196973
739.297,0.027013380899104343,0.0013246891853080649,0.02698088112279551
739.465,0.026509379488949915,,0.026562713371893337
739.633,0.026987769834665675,,0.02711501478722738
739.801,0.02691345561386963,,0.027011579848334535
739.969,0.026616244683264064,,0.02668865409861631
740.137,0.026165813572162456,0.0016796629587953428,0.026111846588052937
740.305,0.026433225391235066,0.0017166599492074092,0.026377423740817096
740.473,0.025974746181960853,0.0023690231485264143,0.02586648736374995
740.641,0.02631373590026521,0.0014289315592975152,0.026274909164976188
740.808,0.02648863363158166,0.0018954126523028794,0.02642073281621176
740.976,0.026533282082489063,0.001834816820813643,0.026469765871707185
741.144,0.026604862301794787,0.00241249647879805,0.026495255402378147
741.312,0.026420864560483412,0.003225166714769441,0.026223279424689654
741.479,0.026395253654133952,0.0031026622496971973,0.026212266258955473
741.647,0.02694074201780134,0.0037361935398413735,0.026680413008470735
741.814,0.026928648316249977,0.0026672280126962215,0.026796230982519934
741.982,0.026522522953978007,0.002068578994148607,0.026441732257725805
742.15,0.02657256175312715,0.0022773675818379105,0.026474792445285566
742.317,0.02605224999804557,0.0026527127381524612,0.0259168448135476
742.484,0.025502300245279542,0.003327816541482932,0.025284243213246814
742.652,0.02635031574614195,0.004117074392180159,0.026026694726196616
742.819,0.026429747060361258,0.002624278488412196,0.026299138618782397
742.987,0.02620732852522898,0.002863476838767534,0.026050423582412677
743.154,0.025865816819137116,0.002871988577673627,0.02570587795292876
743.321,0.02632762668660869,0.003110159315032924,0.02614327515795494
743.488,0.026298438664451463,0.0024023147740765915,0.02618848525429008
743.655,0.026035633112157907,0.0012659955484097905,0.026004835066239122
743.823,0.025943821926293943,0.0025168313127335346,0.025821453411581898
743.99,0.025656138663772855,0.0008849541695761646,0.025640871811474935
744.157,0.025859849521756764,0.0005963803841904381,0.025852971738762574
744.324,0.026677112810688214,0.00029363660807028966,0.026675496723708562
744.491,0.026377135372348176,,0.02639159637752646
744.658,0.025862544835611106,0.00204022540722709,0.025781945342849902
744.825,0.025666531015167963,0.0029755445735648255,0.025493468748746372
744.992,0.025492943289995792,0.0029164386930596066,0.02532557093012053
745.159,0.02588234021900837,0.0025608690444216555,0.025755338960103423
745.325,0.02550421709707568,0.002083059278997717,0.02541900772600986
745.492,0.02606801180063367,0.0013228059711531525,0.026034427660324277
745.659,0.02516277317870238,,0.025191094402059203
745.826,0.02562739436019585,0.000470224897365553,0.02562308003029487
745.992,0.025025035398174272,,0.025047441671997444
746.159,0.02527998282320648,0.0010322729837692844,0.025258898313833777
746.326,0.025828782742927266,,0.02584609162244218
746.492,0.025982053656513928,,0.026044740313486636
746.659,0.026003124678034974,,0.026066518933952523
746.825,0.02517734633215457,,0.025237851043873907
746.992,0.024767723896077894,0.0008059735323637197,0.024754606715871638
747.158,0.02483619927967406,0.001731212349548711,0.024775788553756516
747.325,0.024976206094150907,0.002475283539135469,0.02485324611108951
747.491,0.0250831468915104,0.0027490892829580378,0.02493204295871907
747.657,0.024801290833628746,0.002590784043948947,0.024665600845141737
747.824,0.024938894012487174,0.0019038906137714303,0.024866114193754955
747.99,0.025442470992097017,0.00287087493745802,0.0252799803654428
748.156,0.025357326165749795,0.0029324774762593637,0.025187190516757732
748.322,0.025709165127086157,0.003703513352757838,0.025441013352021324
748.489,0.026058926717247778,0.0030133498162371627,0.025884114521070128
748.655,0.025735333972097152,0.0031310947200545937,0.02554415119962736
748.821,0.026589264057835543,0.003545323220028723,0.026351843320777966
748.987,0.026251684905034024,0.003997269647262367,0.025945573721162272
749.153,0.026470419586300177,0.003788244441798536,0.026197944902682093
749.319,0.026612138956102052,0.0030440562344322742,0.0264374670015964
749.485,0.026738106908437698,0.0035226653566487395,0.026505040838152097
749.651,0.026343275164328512,0.003997149741575149,0.026038259164678296
749.817,0.026527350612113133,0.004065289564150235,0.026213999146593222
749.982,0.0261390206292088,0.0036850241576216413,0.02587796352907137
750.148,0.025728276632465106,0.0033383170838643,0.025510779241807367
750.314,0.025458293313942643,0.0034967671945516005,0.02521700453356513
750.48,0.024786761899678218,0.004019653968295637,0.02445865792406658
750.646,0.02501918178251172,0.003328232711697686,0.024796820846293016
750.811,0.025237530040572775,0.0036013323154238117,0.02497925795740733
750.977,0.02555330130698035,0.00331849221333041,0.0253369062262027
751.142,0.025603717611321988,0.0035054908199499517,0.025362608099948364
751.308,0.02496444488969344,0.0029883209886878126,0.02478494394423979
751.474,0.024637038989098917,0.003147103321871271,0.024435208835445768
751.639,0.024932806442858557,0.0032028872267746925,0.0247262279883045
751.804,0.02474637877223093,0.003407903627187278,0.02451059883410696
751.97,0.02389377306740855,0.0031541970410942696,0.023684666609913897
752.135,0.024164892637954235,0.002655031912161442,0.02401859366718333
752.301,0.024622578621953852,0.0030458643549365707,0.024433462471078995
752.466,0.02479073742830624,0.003171881387075159,0.024586984986076477
752.631,0.02407785870223497,0.0021486818958659014,0.023981794048718925
752.797,0.024612398294679483,0.00109273941608626,0.02458812864746874
752.962,0.025190467816297052,,0.0252255456167684
753.127,0.024432608332215913,,0.024474153271403988
753.292,0.024445411803503042,0.00012409679930329613,0.024445096813619872
753.457,0.024734229795513884,0.0005378909159955025,0.024728380394594716
753.622,0.024716104754234042,0.0012846914024056716,0.024682694387421638
753.787,0.025429625524222562,0.0017988711961512349,0.025365920379947757
753.952,0.02584403916541458,0.0024644248080982257,0.02572627005122804
754.117,0.026159221639818077,0.0028905799253776746,0.025999027375964087
754.282,0.026615866527255522,0.0033695300821098965,0.026401716194642297
754.447,0.026458324813033434,0.004209911049520194,0.02612124807253873
754.612,0.02608751660173091,0.0039017677949114127,0.02579408324636055
754.777,0.02656457778321554,0.003804388653855586,0.026290747797864625
754.942,0.02628242356634576,0.0029563787367492588,0.026115620101496803
755.106,0.0259458582061302,0.0037495037554083565,0.025673503454744784
755.271,0.02538387960511609,0.0036953807223457876,0.025113452672301827
755.436,0.025042091085598125,0.0034417226411126893,0.02480445264868881
755.6,0.02442819226729272,0.0031000260653459223,0.024230691608825274
755.765,0.024745937286732845,0.0038357218161208318,0.02444685358790063
755.93,0.02489604303286518,0.0033600842269055652,0.02466825475550257
756.094,0.024499138096832192,0.003718171152756763,0.02421534577011986
756.259,0.02467928632197421,0.004292192414385201,0.02430317381824599
756.423,0.024773392940981062,0.00478278529528596,0.024307323230406238
756.588,0.0245957769511605,0.005158958696324507,0.02404864630287651
756.752,0.024207597540988297,0.00547444513572614,0.023580462869977493
756.916,0.024112125074953444,0.005954378166786107,0.023365358038709774
757.081,0.023741674004229822,0.005638013755918751,0.023062521228417177
757.245,0.024199029458010415,0.005385156144966424,0.023592225838271093
757.409,0.02328231164448099,0.0049702173477214305,0.022745614413049915
757.573,0.023255039978735088,0.004717095911042453,0.022771602723097768
757.738,0.023166351883222018,0.004116776924147189,0.022797631616772684
757.902,0.02292301085879206,0.0035465793732031665,0.022646991005029087
758.066,0.023598689722595892,0.003531592940029989,0.023332938261806706
758.23,0.023147886462191257,0.00307720602871668,0.022942437767668175
758.394,0.023466807023079257,0.0029540352194147045,0.02328013547599969
758.558,0.02344414549552581,0.0027956545235180105,0.023276861339117792
758.722,0.024041348819226874,0.0029121764518061726,0.02386431816250544
758.886,0.024310033571434846,0.0026339770288753388,0.024166917413183796
759.05,0.024106934509156203,0.0026992566642589652,0.02395533979907611
759.214,0.024221505434347458,0.0032341742525246776,0.02400461294023359
759.378,0.024273016531096463,0.0019302051149257266,0.02419614927489903
759.541,0.02380783194426275,0.001980029063619497,0.02372535240609673
759.705,0.02463757913060139,0.0026929206161996466,0.024489967006337352
759.869,0.025518414776169732,0.002790926356155674,0.02536533506112532
760.033,0.025802082963995384,0.002109100175703665,0.025715738016431643
760.196,0.02658325826204272,0.002966998889630973,0.026417163689832244
760.36,0.02722242342990735,0.002247339496329949,0.02712950059594544
760.524,0.027462466493292932,0.001874748366763487,0.027398401129565108
760.687,0.027235509457822618,0.001468522854177692,0.027195889690427542
760.851,0.02717517242678072,0.002241393694594432,0.027082580208154013
761.014,0.026807946885356256,0.002495183210266678,0.0266915731450075
761.178,0.026589415137063033,0.0028756667467111415,0.026433454902697388
761.341,0.026386702960812903,0.0024117915825923857,0.026276250769550608
761.504,0.026303414356214472,0.0021497367948829244,0.02621541986136091
761.668,0.025987554792400634,0.00307328655629398,0.025805191606165765
761.831,0.02612841784194656,0.00361900192515015,0.02587657326596995
761.994,0.02620358022002508,0.003668615202874514,0.02594549823843296
762.158,0.026210695619233244,0.003576875145198703,0.025965487267520175
762.321,0.026167545687326797,0.004236028246791193,0.025822403296182992
762.484,0.02595844523232198,0.003768217835364209,0.025683485223479754
762.647,0.02591877804962295,0.004570007211002802,0.02551270447594686
762.81,0.026096458569237597,0.0049075776611423785,0.02563085701563236
762.973,0.02650493481743362,0.004125085439229281,0.02618196401715241
763.136,0.026338427809117736,0.004163847740931453,0.026007213450241966
763.299,0.025766616172768226,0.0038149995010550203,0.02548262717620989
763.462,0.02535653903298765,0.00376697148097496,0.025075166950450152
763.625,0.024859501724174456,0.003053464354135584,0.02467126225818728
763.788,0.02421812251085004,0.0028733475905646263,0.024047064926396695
763.951,0.024576391312361886,0.002543771166480396,0.02444439073061384
764.114,0.02464355886614761,0.0030672641344573317,0.02445193007348815
764.276,0.025301367549975633,0.0029689693268944543,0.025126568031367112
764.439,0.025425757608649197,0.0027248481201192286,0.02527932658707635
764.602,0.025507815635924424,0.0028300758337593793,0.02535033193651479
764.765,0.025672554173809797,0.0031696386186175506,0.02547613449553458
764.927,0.025384376551261394,0.00228089474468305,0.025281694801969002
765.09,0.025358446626965705,0.0021457239408385407,0.025267502529976733
765.252,0.024342578211043783,0.002916232415539907,0.024167265100944663
765.415,0.024394133515010092,0.0032848755124279066,0.024171953640862175
765.577,0.024057203880872745,0.003446205370660935,0.023809089170086
765.74,0.024686668993960208,0.0032185807716180233,0.024475954809443635
765.902,0.0244331103609069,0.0029372040349877173,0.024255921222767606
766.065,0.025260452612073533,0.0019983680203358558,0.02518128256110303
766.227,0.024826393097675908,0.0023930712241563307,0.024710787206328428
766.389,0.02501116324333074,0.0023598035509676003,0.024899590638911704
766.552,0.02449820230783086,0.0010685941831994087,0.02447488555207239
766.714,0.02408905626223985,0.0020327797618194536,0.024003133921329817
766.876,0.02358184798452073,0.001415482287739232,0.02353932803327531
767.038,0.023312113671687316,0.002449234167270088,0.023183095044353924
767.201,0.02296819635123653,0.0031597954753129483,0.022749807387825217
767.363,0.02330185854756176,0.004130054225938245,0.022932929683348063
767.525,0.023187103719485173,0.004365741617823308,0.022772397305171204
767.687,0.023649125163591314,0.0044511831464312335,0.0232264523679389
767.849,0.023035172755160947,0.004415432973472576,0.02260803254413971
768.011,0.023198489151455056,0.00468179714156111,0.02272115037658631
768.173,0.02302806536404228,0.005033809209658943,0.022471149486649685
768.335,0.022753426557993905,0.004752029791133179,0.0222516658476215
768.496,0.022662731422541587,0.004131836855132459,0.02228289298391982
768.658,0.022433365760668296,0.0037883478711929035,0.02211118087662332
768.82,0.022783125079404196,0.003362781275305086,0.022533585832668398
768.982,0.022426633288558186,0.004050536916281387,0.022057811118724083
769.144,0.023072917592967496,0.00400440619546391,0.022722769577531682
769.305,0.023099237443734353,0.004116522696108548,0.022729474507221726
769.467,0.023587538111280316,0.004029278277907887,0.02324084487944191
769.629,0.02389340003587416,0.004060473787710949,0.023545851394537076
769.79,0.024132680163031724,0.00380291511500151,0.023831157934084485
769.952,0.024428628878298327,0.0034737840093078077,0.024180379102286806
770.113,0.024902380185184925,0.0036633917787348034,0.02463144534051928
770.275,0.02495369771618153,0.004067829281975108,0.0246199064710504
770.436,0.02448473791097662,0.0036782931613794957,0.02420686989241204
770.598,0.024634219818101023,0.0031260713954801922,0.02443506627117843
770.759,0.024375282263280226,0.0029566690038650163,0.024195299002412997
770.92,0.024708163914650638,0.002268498124599214,0.02460380621554181
771.082,0.0245779739908202,0.0017803750860768543,0.024513405925050705
771.243,0.024376066923374202,0.0015379579937260558,0.024327501389627994
771.404,0.024181236820323037,0.001801454343966369,0.024114041063396055
771.565,0.02352890126893752,0.0020830075447898274,0.02343651583516113
771.726,0.023792481338247122,0.0011804910549163628,0.023763177588447638
771.888,0.02388033822219099,,0.02391104445715797
772.049,0.023710666960845114,,0.02372542277285247
772.21,0.023443200846651975,0.0016405982658657756,0.02338572434769772
772.371,0.02321996396939222,0.0026138874882760395,0.023072371333231156
772.532,0.022949526251577684,0.00260077900787933,0.02280168203716619
772.693,0.02254622728834677,0.001806485923289587,0.022473739643120123
772.854,0.021904508930543784,0.0017471581990225423,0.021834718906270825
773.014,0.021907256323573578,0.001475365608106112,0.02185751989474497
773.175,0.021795021414176195,0.001891172272641244,0.021712817087600398
773.336,0.021194654047038308,0.0025147664611340605,0.02104493549098197
773.497,0.02109178897590214,0.002460256360813442,0.02094780897476068
773.658,0.020645698495230225,0.0023979447480584884,0.02050596809080738
773.818,0.020679884371460504,0.0027781182121310003,0.020492429744088485
773.979,0.020891919821595634,0.00297670922281699,0.02067876969345074
774.14,0.020809437731253665,0.002335954188594237,0.020677911323915495
774.3,0.020716000843327625,0.002962520099850157,0.02050307697880332
774.461,0.021265729029075756,0.0027803319910992496,0.02108319200589288
774.621,0.02134140444017762,0.003413772069543429,0.021066601618116725
774.782,0.021270798143025283,0.002725133480152216,0.02109550902814818
774.942,0.021431538717909687,0.00313508710262347,0.021200992445549006
775.103,0.021534887336737234,0.003256094926929916,0.02128730181194383
775.263,0.02119526006538725,0.0033816077181819553,0.020923761097845956
775.423,0.02119107727505068,0.0031890701653007536,0.020949739558236948
775.584,0.021444347825275233,0.0036390272051552482,0.021133327581134176
775.744,0.02168674156542087,0.003758104583049494,0.021358637823330764
775.904,0.02192844028628429,0.003462601326344761,0.021653334280057918
776.065,0.021668496578161618,0.0034245312743934487,0.021396175581362736
776.225,0.021546907641342285,0.0035713710326346557,0.021248871448898
776.385,0.021454898341087884,0.003739562335522171,0.021126484240525198
776.545,0.021397787049775706,0.003202878211217956,0.021156721432954922
776.705,0.02159833170323972,0.002886643976353494,0.021404560703666684
776.865,0.0215557744156532,0.0028948821877590658,0.021360502516970997
777.025,0.02137386697461314,0.002875549459707141,0.0211795515711083
777.185,0.021301814346557087,0.003962488241678668,0.020930025833470527
777.345,0.02114256029519294,0.0036412851135825624,0.02082663915655791
777.505,0.021629817917701813,0.003779710146373105,0.021297014212380536
777.665,0.02109262463879283,0.003415211583252516,0.02081430142941694
777.825,0.021319388026850964,0.004186903869850776,0.02090421349451026
777.984,0.02145398965340927,0.003615072509681122,0.02114722021444757
778.144,0.020951914511881508,0.003459749015220996,0.020664289449794017
778.304,0.020742107006230984,0.0025432631165142306,0.020585597289807134
778.463,0.020960603551620986,0.0031629724453006228,0.020720581713805603
778.623,0.021295931916551544,0.002909304736791395,0.02109627128529783
778.783,0.0208873456377177,0.0028742325113125834,0.02068864411362906
778.942,0.020771814588043266,0.00259279945207595,0.020609358851778038
779.102,0.020862302016608283,0.002615566055555202,0.020697692133211505
779.261,0.0210942088817109,0.0025225970915459008,0.02094283056940907
779.421,0.020930460485285993,0.0018641529524808431,0.02084728063551396
779.58,0.020402104205689633,,0.020402805236064556
779.74,0.020038504833529952,,0.020103230445628267
779.899,0.020159458953265333,,0.0201985174779775
780.058,0.020111862328646746,,0.020147701353983288
780.218,0.020080844045462145,,0.020123356834208773
780.377,0.019991948242088445,,0.020002101635717622
780.536,0.019718065995334575,,0.019723661989010717
780.695,0.0203768521340061,0.0012317044726212689,0.020339592104643436
780.855,0.020623274264167015,0.0010325663732405094,0.020597408770520298
781.014,0.02137607716641694,0.0022772805683465023,0.021254427026801807
781.173,0.02171954560435286,0.0021490421951361454,0.021612965527735613
781.332,0.021228963876491886,0.00196110317793118,0.021138187755692435
781.491,0.02160755844143561,0.0020363598646334453,0.021511388153760913
781.65,0.021757650370349303,0.0019804645395196173,0.021667328165836844
781.809,0.022432375865877527,0.0024237605923950675,0.022301050907496654
781.968,0.022094784460040234,0.002192500499735256,0.021985732689503344
782.127,0.022301194350717566,0.0017387735913001433,0.022233306903532687
782.285,0.021994112025534356,0.00115182090248029,0.021963931169086386
782.444,0.021606581685638167,,0.021614303632004502
782.603,0.021602656366388747,0.0007488329523069407,0.021589673719021683
782.762,0.021643591203970806,0.0009751894217718775,0.021621610619846677
782.92,0.021843099206991446,0.0013210761482096759,0.02180311309829635
783.079,0.02188985295260011,0.0017641497196899376,0.0218186488594728
783.238,0.022004031900587837,0.0009398037664615231,0.021983952983088185
783.396,0.022164083623348894,0.0015629753001103767,0.022108905695987027
783.555,0.02231895645715353,0.0017931309130810019,0.022246808734397584
783.713,0.022237639208663503,0.0010461292100330825,0.02221301895849828
783.872,0.02241210269364274,0.0019026355771185153,0.022331196228842536
784.03,0.02236711163796499,0.0028541798374991053,0.022184258844514106
784.189,0.02215488670453254,0.0030855979401078564,0.02193896283425164
784.347,0.02177117577104783,0.0030648086003588503,0.02155437409661961
784.505,0.022353331432002167,0.002596854657987004,0.022201976758708386
784.664,0.021536691675472064,0.0024349587313564776,0.02139859958737811
784.822,0.020801227801341655,0.0021723996211454816,0.02068747828831141
784.98,0.02070921379028991,0.002402644044761518,0.020569366480426805
785.138,0.02079893805502899,0.002728072021149087,0.020619249435039014
785.297,0.020961378927063748,0.003254100432927697,0.020707250829030202
785.455,0.020736442046804412,0.004317389313078855,0.020282016129561438
785.613,0.02052942267264386,0.004273805540064515,0.02007963598967316
785.771,0.019911329809081658,0.0043471012977324905,0.019431000104813863
785.929,0.020495940826317425,0.004783452976507351,0.01992993145942676
786.087,0.0204920577359078,0.004445718378496681,0.02000400005876014
786.245,0.020541847877816512,0.004306455863870911,0.02008536661671592
786.403,0.020683828332554794,0.004366898769404367,0.02021759010437127
786.561,0.02062306827572383,0.0041623855590097415,0.020198650736207944
786.719,0.02016111739867656,0.004212050584535474,0.01971621882198849
786.876,0.020061263611482267,0.004379158580900843,0.019577468370877402
787.034,0.020024859087139437,0.003585110355483603,0.01970131886952737
787.192,0.019675032484761545,0.0031952729846745375,0.019413838719579163
787.35,0.0204234206360389,0.003507601681224888,0.020119961255490725
787.507,0.020658666522055932,0.0033815935038238893,0.020380022763589117
787.665,0.021393689949324942,0.0029095305118284538,0.021194919246097316
787.823,0.02041962792558979,0.0016944990748442655,0.02034919844870747
787.98,0.020562348189416928,,0.020563867684351384
788.138,0.020921191625525214,,0.020930109079513728
788.295,0.021052771101651054,,0.021118523689598306
788.453,0.021132056646975334,,0.021200243477149525
788.61,0.021030533055137392,,0.021060494139696732
788.767,0.020890200493903464,,0.02091529943352473
788.925,0.021070669238116593,0.001152953054356283,0.021039101725039578
789.082,0.020687240086383344,0.0018878015587441154,0.020600924922596783
789.239,0.01993778392800813,0.0016802211752707167,0.01986685895561025
789.397,0.01968911218860756,0.0015158123172379382,0.01963067629488308
789.554,0.01948986152161428,0.0007964556516020174,0.01947358109148731
789.711,0.019118605654412976,0.0009490209735568769,0.01909503708717794
789.868,0.019172968140933683,0.0013131107406474357,0.019127949380842016
790.025,0.018925609815101364,0.0017454119136519732,0.01884495274934758
790.182,0.01854467305499939,0.0017879987965280265,0.01845827616600301
790.34,0.018778646151867903,0.00166103760024778,0.018705039571934253
790.497,0.019154019472191145,0.001177500124991965,0.01911779159308735
790.653,0.018841048497624854,0.0011704390315267518,0.01880465849100511
790.81,0.01877893254467921,0.0015497101069844275,0.01871487927030047
790.967,0.018728583533066237,0.0014850853229232866,0.018669610674534102
791.124,0.019105869772306317,0.0009648786029436403,0.019081490220575273
791.281,0.019379407230812246,0.0012717389257420905,0.019337634413816245
791.438,0.019557579913345433,0.0026402540442054764,0.019378544595736527
791.595,0.01982310636230954,0.003799832587060624,0.019455508684219722
791.751,0.019754111230441594,0.004255506710166095,0.019290297383513563
791.908,0.019584386948542556,0.004566529467208853,0.019044553572487785
792.065,0.020214171239233233,0.00510829577175497,0.01955806823787345
792.221,0.019995795340818537,0.005069442375986301,0.01934250721360741
792.378,0.02040382006093738,0.004616246855626805,0.019874761333083378
792.534,0.0205339973174528,0.004353566575632126,0.02006717478631951
792.691,0.020936690171160892,0.00430928890729353,0.02048841195497255
792.847,0.021097673595468026,0.004238866073082873,0.020667458613854193
793.004,0.02159163423053051,0.004548257681677302,0.02110715567778094
793.16,0.021788233348846654,0.004564371030655763,0.02130477950034461
793.317,0.022005353134344343,0.003743897041165844,0.021684529082097864
793.473,0.02168178594524544,0.003345834880529891,0.021422073446043268
793.629,0.02160311257561067,0.0028889764390543624,0.02140907022944006
793.786,0.021721534517037133,0.002741796242934516,0.02154779838259737
793.942,0.020901987926309262,0.002321597399020439,0.020772657143188003
794.098,0.020797321810995965,0.0025583210783879265,0.02063936984915006
794.254,0.02149422101457223,0.003048308100086859,0.021276967705719328
794.41,0.02097423126742699,0.0023880980917739348,0.020837834934646585
794.566,0.0208142694415413,0.0028268619130734293,0.02062141275736206
794.722,0.020849307296391437,0.003311301173117157,0.020584676321970044
794.879,0.020834593017576005,0.002614468367303987,0.02066990133900967
795.035,0.021278290642243642,0.002843695288259053,0.021087414487398086
795.19,0.02138047312148639,0.002843317189633627,0.02119056814381662
795.346,0.021533217895436774,0.0025926231081774553,0.02137657078091111
795.502,0.02146632894446182,0.002645432960751079,0.021302698486389257
795.658,0.021481340688627622,0.0028548760872968908,0.021290788625766523
795.814,0.021441182359881183,0.0031452263923537243,0.021209239777288613
795.97,0.021917478354795513,0.0030232238463073925,0.021707970310649683
796.125,0.02201554523794846,0.0024591180652950733,0.021877773434814948
796.281,0.022351765271226506,0.0021480620737821445,0.022248308701274037
796.437,0.02274220427105754,0.0027588172092634783,0.022574250435227733
796.592,0.023049964742891386,0.0033434067767816136,0.022806194460573793
796.748,0.023264802454521612,0.003360215153312383,0.023020859831278342
796.904,0.023780433227625217,0.003366208603951297,0.023540977977310664
797.059,0.023096064586916088,0.003324809247122411,0.02285549918232478
797.215,0.02292922724342168,0.003478466749691935,0.022663841930523572
797.37,0.023031417896393083,0.0029552841123801745,0.022841026818718305
797.526,0.022656523467513283,0.002762660885321745,0.022487457848024826
797.681,0.022316841747452583,0.0028345588266459124,0.022136094999776413
797.836,0.02202915523700784,0.0028911102078142954,0.0218386163074143
797.992,0.02155897522757334,0.002308817274869274,0.021434989518410923
798.147,0.02154127781582054,0.002759142090185975,0.02136384293296799
798.302,0.021654881292832967,0.002720109604273136,0.021483363040907453
798.457,0.021571734224997006,0.002906874063443049,0.02137498071702497
798.613,0.021707033304789722,0.002434353513111239,0.021570100089439853
798.768,0.02148252517892764,0.0019039375284168906,0.021397988455720454
798.923,0.021744464146817147,0.0015862846188197076,0.021686526281087807
799.078,0.02193879067062807,0.0018590960199682345,0.02185987872972253
799.233,0.022029747820823127,0.002272011553094977,0.021912274015986204
799.388,0.02164555588027019,0.0023302572289862497,0.021519758144845788
799.543,0.021711550680766863,0.003347766028456502,0.02145189724901321
799.698,0.021725635373565724,0.003172539789343784,0.02149274816467547
799.853,0.0225953344929154,0.0034695207016175143,0.022327372593921122
800.008,0.023102394560329077,0.003273086956934996,0.022869358018830884
800.162,0.02287715580834495,0.0032367783243083775,0.02264702020042766
800.317,0.022391454744151024,0.0032855352659795,0.022149097127769527
800.472,0.022382758085905112,0.002954591867002319,0.022186893573269657
800.627,0.02252027522050968,0.0030256049393696176,0.022316104291707464
800.781,0.022561500977543506,0.0035121935574937988,0.022286449308366638
800.936,0.022343022983469213,0.0037186080540443163,0.02203140100357284
801.091,0.022335026564692134,0.004212892832927197,0.02193410462325221
801.245,0.022908385700272652,0.004518515021545123,0.022458342712509478
801.4,0.02286579693500569,0.004178776602381074,0.022480713858334396
801.554,0.022608925346487334,0.004571079637178693,0.02214201292280374
801.709,0.02224726389032891,0.00428890482052173,0.021829934632207174
801.863,0.02231088071505155,0.004040381123325137,0.021941985294397066
802.018,0.022374901956116734,0.004420907065560919,0.021933805375800846
802.172,0.022237363116876022,0.004400701726733118,0.021797571945153117
802.326,0.021727807674781018,0.004086616370237893,0.021340037324118637
802.481,0.021787338711027587,0.004495488554601401,0.02131850629768627
802.635,0.02158075827706613,0.004655906609998778,0.02107253334205757
802.789,0.021255635284677298,0.00514501568632263,0.020623550735572007
802.943,0.021004705060563976,0.004643259693909764,0.020485062218509247
803.097,0.021133367219220954,0.004516884100167362,0.020645022839611924
803.252,0.021631977290011758,0.004195278123704955,0.021221264876070584
803.406,0.021827111768471723,0.0038374734673317706,0.021487126507303892
803.56,0.021823529158257235,0.003939233542703731,0.021465061472479913
803.714,0.02266914437395675,0.00477284982741484,0.022161002034480324
803.868,0.022600934156756857,0.004356400525628216,0.022177105293936922
804.022,0.022325801101169798,0.004746405687562443,0.021815430957422534
804.176,0.02231131405429538,0.004806738690993938,0.02178738162299225
804.33,0.023233160234777464,0.004381422948780962,0.022816285136689988
804.483,0.023318579779624093,0.004228495363904951,0.02293198617425294
804.637,0.02362978235740599,0.004193491029663675,0.023254703765958954
804.791,0.023452133946287115,0.0036881446518833554,0.023160314671035378
804.945,0.02258976117481289,0.004035264977329018,0.022226424509979685
805.098,0.02254979866076084,0.0034987612360001903,0.02227671630771272
805.252,0.02219380604853605,0.0028044184196530696,0.0220159093440981
805.406,0.021872378185113804,0.002729736844760684,0.02170137010031851
805.559,0.022013071067441502,0.0018845037671754367,0.02193225805455817
805.713,0.02192230090442706,0.002139154665281917,0.021817683063566722
805.866,0.022705248386536002,0.0023111882294830958,0.022587313104089967
806.02,0.022248290351466228,0.0021467941105402645,0.022144473319772023
806.173,0.022132486858387358,0.002135319271833351,0.022029239345561304
806.327,0.02147673402823586,0.0020297857455780235,0.021380600420629736
806.48,0.02089231906843033,0.0023156486891778233,0.020763592348276506
806.633,0.021009289657210835,0.003155182150930259,0.02077101532171784
806.787,0.02116439270416764,0.003378994226682207,0.020892915463196434
806.94,0.02108965631632616,0.0028670226349474586,0.020893869549498366
807.093,0.021813990244602656,0.002908080250944445,0.021619279350748182
807.247,0.02154334829742893,0.0023805654162856057,0.021411416678097664
807.4,0.021392527748568473,0.0023844793203104653,0.021259221571926945
807.553,0.022024295005022718,0.002004734685341182,0.021932865962059282
807.706,0.02169699429706546,0.0018514492118547185,0.021617855983950253
807.859,0.021335353980549192,0.001546387104413705,0.02127923909350706
808.012,0.021390143625506414,0.001661912758906289,0.021325484526771653
808.165,0.021300265006533398,0.001777830247053671,0.02122594188631478
808.318,0.021222721229109138,0.002100843190839457,0.021118483711099693
808.471,0.02131540036787678,0.0023780152102603276,0.02118233548272362
808.624,0.021993147997047026,0.0022902538091131306,0.021873575297830405
808.777,0.02194483849467929,0.0025793764237055546,0.02179272249679672
808.93,0.021979276998871877,0.001740567226389927,0.021910249727548875
809.082,0.022044205355835657,0.001926126674595675,0.021959895851384734
809.235,0.021650445686709416,0.0017351563159737013,0.02158080237137375
809.388,0.021618237251106634,0.002004169030657054,0.021525136197982343
809.54,0.021775061091670374,0.0021141176949047817,0.021672189366053158
809.693,0.021769640045442597,0.002222088967953076,0.021655935637294437
809.846,0.022248831075372642,0.002481834399310065,0.022109974722619396
809.998,0.021909545565842545,0.0027769457575614357,0.021732849770826013
810.151,0.021879153665705108,0.0024888656880903194,0.021737132117972322
810.303,0.021652069124886732,0.0027940111770574393,0.021471040937303235
810.456,0.02174381231425115,0.003528057100811564,0.02145567959890325
810.608,0.021964665154621425,0.0029579340758259993,0.02176458456662355
810.761,0.022375121332145406,0.0035614339241557286,0.022089867429029564
810.913,0.02282007151120372,0.003846820820787135,0.022493502025011807
811.065,0.02272642377247337,0.003620106999371626,0.02243624662904077
811.218,0.022344382364769003,0.0024123872651959978,0.022213775251985427
811.37,0.022331347283600124,0.0025292571276816812,0.022187652644721702
811.522,0.02250352906397122,0.002027211959617361,0.022412033196561657
811.674,0.022564019589088758,0.0017068965785405185,0.0224993663041195
811.827,0.022961670035696914,0.0012732156101383039,0.02292634320685097
811.979,0.0236917021494196,,0.023700964129765204
812.131,0.024152754243721365,0.0010576524588770254,0.024129585757609512
812.283,0.023923816158241004,0.0008873630667054045,0.023907353813443274
812.435,0.02394761487878053,0.002177402848030702,0.023848420811864637
812.587,0.024020076300876762,0.002691006539498096,0.02386886149996099
812.739,0.02437989571899903,0.002785277954976135,0.024220271302832084
812.891,0.024253950747369628,0.002498721885425231,0.024124894109511213
813.042,0.024052714388773516,0.0024874845448761077,0.02392374322941364
813.194,0.024698693969680365,0.002993155755833278,0.024516657652079075
813.346,0.024416325285395755,0.0038015871045443783,0.02411855874485078
813.498,0.0241516524196968,0.003887899156315937,0.023836664086070523
813.65,0.023789647271090095,0.0036383855531531895,0.02350977387916546
813.801,0.02377353189425944,0.0035798733643330693,0.023502453604309265
813.953,0.023320175924756083,0.0032169365890395737,0.02309722762895304
814.105,0.023226976911067027,0.003439908562603396,0.02297083989557562
814.256,0.023484807578325058,0.002826813117466085,0.023314058303733304
814.408,0.022643970921590213,0.002615023321865834,0.02249246700839908
814.559,0.022926392699520567,0.00270789321012577,0.022765913040666406
814.711,0.023878218942582196,0.003513511405103686,0.023618310216357512
814.862,0.0235700496133281,0.003320044497481221,0.02333504967445951
815.014,0.02364763131991477,0.002855788691600176,0.023474559378006278
815.165,0.02319653047901248,0.0032105415344208144,0.02297327685201904
815.316,0.0233095173306583,0.003586194099744405,0.023031995355748448
815.468,0.023343799902828113,0.00372042483508275,0.02304542108423661
815.619,0.02395445115065571,0.0038582335749585356,0.023641695447032
815.77,0.023962834306895983,0.0034756074089831415,0.023709440760135456
815.921,0.02355613876560349,0.002910586628518857,0.023375631735254875
816.073,0.023578452831555147,0.0021539647630774354,0.02347986102448845
816.224,0.024084334451022687,0.002396137607400133,0.023964842801802833
816.375,0.024083653802521678,0.0031743313746292884,0.0238735418571221
816.526,0.02399156563039764,0.0030721312942068243,0.02379405872710312
816.677,0.024554117629968862,0.002560072799391908,0.024420293197424177
816.828,0.02456808422091059,0.0024871534324686136,0.024441866338091197
816.979,0.024333547863549253,0.003059776655396001,0.024140408415077322
817.13,0.02378170251372058,0.00298600178814183,0.02359349842164823
817.281,0.0242975787756417,0.003183765696606874,0.024088087727082517
817.432,0.024341394938508554,0.003428798290093114,0.02409868979505534
817.582,0.024725245830374075,0.0032310323297985613,0.024513225235701378
817.733,0.024673839814557657,0.00340997400119548,0.024437071193283814
817.884,0.024841548959333267,0.0037563285875236627,0.0245559066263395
818.035,0.025046593469881973,0.0032996587263755773,0.024828292263766105
818.185,0.0248176447497138,0.00238509963658958,0.024702768886230898
818.336,0.024921464701801573,0.0022043963804732987,0.024823779717861216
818.487,0.024127796331619718,0.002478577318109901,0.024000150214077264
818.637,0.023868734354001147,0.00270787743282471,0.023714634289203645
818.788,0.02334020370187555,0.0020966002785447416,0.023245846427201813
818.938,0.023155404377830504,0.0016246074800744927,0.02309834198457842
819.089,0.023036459508228243,0.001147839173900172,0.023007845007846774
819.239,0.022960412960438423,0.0017298153704001446,0.022895158922754743
819.389,0.02326314738772429,0.0024772454907761427,0.023130872900982636
819.54,0.023654734382107623,0.002547945040474979,0.023517109404830847
819.69,0.023646426667023854,0.0021814745440529902,0.023545586909919782
819.84,0.024004399264143238,0.00212041712022375,0.023910562838809594
819.991,0.02354425595384528,0.002234297333669805,0.023438001276664677
820.141,0.023835081207830112,0.002443739621175964,0.023709475592002257
820.291,0.023036244106939045,0.0025799430898692044,0.022891317922031487
820.441,0.02266675906419122,0.0022468368592579073,0.022555125594905804
820.591,0.022974302557360878,0.0021401935968656007,0.022874399431790423
820.741,0.023212804739259393,0.0017555846049877822,0.02314632209569618
820.892,0.024342776179296234,0.0018048623820304194,0.024275774424253566
821.042,0.02407730642709724,0.00120789768199257,0.024046988750655973
821.192,0.02393943470036101,0.0019591328804256505,0.02385913519240972
821.341,0.024047406958229607,0.001789081873244377,0.023980762445459027
821.491,0.024142177675742855,,0.02414252167898994
821.641,0.024148691546799522,0.0016660497499657607,0.0240911515219407
821.791,0.023625641003757893,0.0007033757083531071,0.023615168334173375
821.941,0.023806204716744227,0.0014618025765636357,0.023761281872884867
822.091,0.02469183229618102,0.0010019142487813848,0.02467149671140397
822.24,0.024874558371527918,0.0021364345053581134,0.024782641138160894
822.39,0.025314215781715332,0.0018449990927867175,0.02524689087770733
822.54,0.024875896252509792,0.0010965319430629675,0.024851716883617384
822.689,0.024488013515478343,0.0012229678995977916,0.024457456029824593
822.839,0.02478496279668252,0.0013309079701943228,0.024749203316628395
822.988,0.02544693814646834,0.0025489798472793867,0.02531895263964031
823.138,0.025675093315298957,0.002534402517802903,0.025549700988995224
823.288,0.026250191330531393,0.0009688853194234022,0.026232304628593182
823.437,0.0262379080941644,0.0021953731038938966,0.026145901363168127
823.586,0.02596954775232049,0.0019587827152903687,0.025895570677904243
823.736,0.026569752287507815,0.0017589964352447641,0.026511462957753258
823.885,0.02636132973004441,0.0033737671813601267,0.026144548191584814
824.034,0.025657942079914592,0.003449779191205471,0.02542496834429057
824.184,0.025852312337876996,0.0036243835104554298,0.0255969900063325
824.333,0.026171602886774184,0.004481289157955398,0.02578508958964072
824.482,0.026412638276864433,0.004792916646809972,0.025974129643959506
824.631,0.02601766009137478,0.004898515553717416,0.025552361573840967
824.78,0.025897446099185116,0.004721788655005566,0.025463354577856766
824.93,0.02579044106098396,0.004729940711992162,0.025352998066917584
825.079,0.025672094604815614,0.0034079063855743394,0.025444893701207807
825.228,0.0261400890480798,0.0042316838377855215,0.025795292348383382
825.377,0.025447508485610344,0.003841865984172965,0.02515582942152505
825.526,0.025949883982671396,0.004295429888679358,0.025591908111462607
825.674,0.026648653936032596,0.003918750877698035,0.026358948161126737
825.823,0.02665680135140522,0.004507850875504596,0.02627288219386087
825.972,0.027158244350766494,0.004899401563196669,0.02671265805827803
826.121,0.027036177467355305,0.0050707081446131385,0.026556408095947105
826.27,0.026324235180739505,0.005157787231283263,0.025813999859140287
826.419,0.026042873110700252,0.004179212221711929,0.025705357905812708
826.567,0.02581457899768008,0.004411414351456758,0.02543485624585338
826.716,0.02592892103375111,0.004657566771022073,0.025507175808936036
826.865,0.025824846506251723,0.005059152038113965,0.02532444822156465
827.013,0.026337929584235493,0.005757714256416719,0.025700880555451847
827.162,0.026515139260927963,0.006535543440663517,0.02569706757514568
827.31,0.025723830176797975,0.005080846908029874,0.025217066317514126
827.459,0.025780201217250328,0.004865182813925728,0.025316966069989448
827.607,0.025222798370979124,0.0054416270949376845,0.02462880939515159
827.756,0.02573078906499022,0.005195096566792453,0.025200882475991223
827.904,0.02633475808342762,0.0041589897734497,0.0260042744058933
828.052,0.026520716702251576,0.004609189741613971,0.026117116692446856
828.201,0.026668916658734665,0.004477979595968061,0.026290279848047056
828.349,0.02684446481225119,0.004227625768631507,0.026509478897492403
828.497,0.02714604590431161,0.005038276279819116,0.026674399344075308
828.646,0.028122159943274227,0.005092405360535705,0.02765724656431086
828.794,0.028189937648398927,0.00587766688070641,0.027570375707633477
828.942,0.02891212071037935,0.006076019962089151,0.02826645901756781
829.09,0.028517515069165736,0.0060608267404711124,0.02786601953889513
829.238,0.029011231355426166,0.00546845440786949,0.02849118374422367
829.386,0.029211955400711462,0.005469958277729419,0.02869525909924939
829.534,0.02988278670563672,0.005653836148842609,0.02934305843119663
829.682,0.030137704601713645,0.005469654078092714,0.029637208419926387
829.83,0.03026069235160881,0.005676584590163191,0.029723490524994498
829.978,0.030332769332983858,0.006016118459432208,0.029730173462159365
830.126,0.030557760530663298,0.005189479271776394,0.030113884398017585
830.274,0.03083897832490305,0.004010699000022302,0.030577064568971628
830.421,0.03065623464045353,0.0030112051738589267,0.030507988555974454
830.569,0.030547804509115387,0.0028132281633394835,0.030417989868302013
830.717,0.03062891952407808,0.0032358717211822207,0.030457508851127413
830.865,0.03121589766194672,0.003390045876386204,0.031031272223309304
831.012,0.03076505669165871,0.0026160235720521395,0.030653631659420748
831.16,0.030640301279080445,0.002054750155865961,0.03057132748622126
831.307,0.030246768097238235,0.0034321728831813846,0.030051408779424353
831.455,0.03049251603044744,0.002701145279443332,0.030372641440059755
831.603,0.030608578229362093,0.0019163577591040954,0.030548529165282255
831.75,0.030810847956316553,0.0011954731285849776,0.030787646804945765
831.897,0.030140996698913874,,0.03020866792001724
832.045,0.029733495024258046,,0.029825306560340457
832.192,0.029790062881713347,,0.029868316060208715
832.34,0.02957487957672529,,0.02966278355298435
832.487,0.02977433906870531,,0.02984349740136152
832.634,0.03029660773306997,0.00047941460336974317,0.03029281435868234
832.781,0.03121609166947723,,0.03127028035059419
832.929,0.031189254985576006,,0.03128792675437438
833.076,0.031373264570339315,,0.031439592509908805
833.223,0.03224170474780984,,0.032280134566369426
833.37,0.03272578459424734,,0.03274441908733588
833.517,0.03339287520283004,,0.03339414688691141
833.664,0.03369932080789157,,0.03370781791347847
833.811,0.03324707547758872,0.001597548436522651,0.033208671560383825
833.958,0.03217296070370903,0.001596081728054923,0.0321333459751669
834.105,0.03244206456331072,0.002453651968939655,0.03234914442679033
834.252,0.03133997677590185,0.0027981546992332756,0.031214811782120773
834.399,0.032330495326894505,0.0038406369799015233,0.03210156438043106
834.546,0.03243484742535697,0.003535883081566756,0.032241539329561725
834.692,0.03324693887912915,0.0044163623995026255,0.03295230929675201
834.839,0.03322527453517155,0.0039800743814605525,0.03298602546314971
834.986,0.033942902812401296,0.004510272200226783,0.03364190981516925
835.132,0.03367166560791585,0.004480627520816989,0.03337221961199166
835.279,0.03386475458472987,0.004184275674731068,0.03360525911463616
835.426,0.03374341831165577,0.004499083107089855,0.03344213705119462
835.572,0.03359092144721504,0.003977542369483966,0.033354597289907896
835.719,0.032844407952865896,0.0020476507924109383,0.03278051646949175
835.865,0.03242937305291004,0.002151180578685179,0.03235794583595652
836.012,0.03253427153137488,0.0019718116670406497,0.03247446354948688
836.158,0.031871912519324225,0.0033401832154785257,0.031696403324770014
836.305,0.03151094073745488,0.0038761260569329945,0.03127163303938825
836.451,0.03140321805692957,0.002961423699013695,0.03126327036645379
836.597,0.03159675766526452,0.003267344127905731,0.031427369557557504
836.744,0.03242425758153472,0.0034838348728207166,0.032236553387306
836.89,0.03253613506312673,0.002695481169243582,0.03242428821288569
837.036,0.03252818678802745,0.0033168782707417776,0.032358634925686906
837.182,0.03295529242476904,0.003176837587461843,0.03280181400082821
837.328,0.03244193461062167,0.0026617311326050126,0.032332558028364745
837.474,0.032214880897690916,0.0019769248675967134,0.0321541648829555
837.621,0.03262599363346521,0.003023204405233966,0.032485622907604615
837.767,0.03266709196198479,0.002882225744914183,0.03253969379093978
837.913,0.032372777405497384,0.0028072271799979656,0.03225083243120652
838.059,0.03357501702457205,0.0018299123883924239,0.033525112808924465
838.204,0.03395807922355539,0.0012440206219971738,0.033935284841081124
838.35,0.03365927048879577,0.0030482156822932366,0.03352096166568226
838.496,0.033938361613994744,0.004283348612573381,0.03366697660475971
838.642,0.03434609078204481,0.003626563353049035,0.0341540918522918
838.788,0.03505038476267934,0.0034946709267034636,0.0348757329260034
838.934,0.03497115170603445,0.0031963051194433645,0.03482477688700814
839.079,0.03471543289601316,0.0033526250038777624,0.03455316464147627
839.225,0.03501195208707122,0.002641273633112513,0.03491218215096838
839.371,0.034981619486996136,0.0032555306559050867,0.03482980364689772
839.516,0.03450287911889218,0.0015299163329184125,0.03446894288351698
839.662,0.035030225849997224,0.0037093666128145074,0.03483327895035939
839.807,0.03561723138029359,0.003885144640518315,0.03540470056813956
839.953,0.036518523255502866,0.003477287754138131,0.03635259290116215
840.098,0.03728108690538397,0.004556423671846272,0.03700160056226529
840.244,0.037168635257199795,0.0047768857405481565,0.03686039622012362
840.389,0.03779044701788608,0.004803614117415279,0.037483905575895156
840.535,0.03794308776527921,0.004106041813500074,0.03772026417974124
840.68,0.03807479541735373,0.004457898584356012,0.03781292353528007
840.825,0.03772782530432988,0.003317057044972793,0.03758172341384081
840.971,0.037797254424124724,0.0028968007700181106,0.03768608479665722
841.116,0.03790673098711784,0.00342299767546403,0.03775186539819572
841.261,0.037434234200753896,0.0022305957545603926,0.03736771778924463
841.406,0.03647046312650091,0.0030350155644811878,0.036343959074168285
841.551,0.03647072617026399,0.0040495608628761505,0.03624520553403223
841.696,0.03694041676227386,0.004610074457025236,0.0366516248489909
841.841,0.036202791395293074,0.0055095405238542085,0.035781099312725356
841.986,0.036212416568786494,0.0060250454356152875,0.03570767342253054
842.131,0.035968554279386465,0.006479090899790904,0.035380196128080146
842.276,0.03516274306193057,0.00691207148033593,0.03447668440395731
842.421,0.034529893571874144,0.007346988914164075,0.03373922500562373
842.566,0.0342440491081191,0.008102173723925321,0.03327175499228447
842.711,0.03566368003117216,0.008027336932671842,0.034748524215212226
842.856,0.035959496182624964,0.007891326156470662,0.035082935128070765
843.001,0.03617709468744976,0.007650520358468869,0.035358898714034616
843.145,0.03634606190995405,0.008014928248238856,0.03545133483435843
843.29,0.03716723892622519,0.00780956686934305,0.03633750562039679
843.435,0.03668895275013755,0.00751280000954528,0.035911517510659484
843.579,0.03652681163388363,0.007177840504439472,0.035814613970138576
843.724,0.03643425412025958,0.007189674893129494,0.035717830956411054
843.869,0.036242098949055175,0.007834943657922958,0.03538507304090638
844.013,0.03659738737693278,0.006797089164112081,0.03596064990670203
844.158,0.03616839997235137,0.007666441057522264,0.03534655341149295
844.302,0.03625718696950389,0.006338333641046803,0.03569886739934947
844.446,0.03639772071023853,0.005835682175846674,0.035926854669495245
844.591,0.03563959055555871,0.006173130565333043,0.03510089562947391
844.735,0.03564245731528006,0.005072758646428486,0.035279624192820505
844.88,0.03579892964366754,0.006115269256434199,0.03527274933363672
845.024,0.03501773937299105,0.004255521455990683,0.03475820202387244
845.168,0.034715187097021115,0.003199959969933173,0.03456739028871006
845.312,0.0341547264463812,0.0024947201287729218,0.03406349527142255
845.456,0.03450130660739746,0.003353062168461266,0.03433798380382986
845.601,0.035452755086676634,0.0020017901499850585,0.03539619583276286
845.745,0.03544420454811898,,0.03548065019349726
845.889,0.03497275764160913,,0.03498255123110499
846.033,0.0346200050015226,,0.034711946814463164
846.177,0.034281386966701244,,0.03434698532796564
846.321,0.03458104130060708,,0.034634141028485034
846.465,0.03431865068156756,,0.03436327088612215
846.609,0.03477161422696306,,0.03479373269782661
846.753,0.0349256362974687,,0.0350469818651073
846.896,0.03494301205215102,,0.035037369549247126
847.04,0.035167095766417,0.0008753363290889014,0.03515620017799594
847.184,0.034936348725532904,,0.03502421574803607
847.328,0.03478398825750817,,0.03487805913996877
847.471,0.035174214108715705,,0.035299079886731546
847.615,0.03557182777977605,,0.03573045763504635
847.759,0.03480554241742312,,0.03487757835692195
847.902,0.0357162125468448,,0.03579491228523144
848.046,0.03619039489871617,,0.03621630735299842
848.189,0.03626412283561939,,0.03628023103580594
848.333,0.03611902952153644,,0.03615470576780316
848.476,0.036390964187687905,,0.03646956833896433
848.62,0.03712617035626866,,0.037257001598827146
848.763,0.035990706023090194,,0.036098726196596966
848.906,0.03589517631323407,,0.036050738338445826
849.05,0.03673133124994693,,0.03690281000310825
849.193,0.03685413994863379,,0.03698726480600317
849.336,0.03672541132750496,,0.03676104733095503
849.479,0.03643734415967204,,0.03647159250995321
849.622,0.037774660494239866,0.002782587814194706,0.03767203446206989
849.766,0.0374669439745661,0.0025798947704685944,0.037378015380255064
849.909,0.03741734023247335,0.003773470781465102,0.037226580132132724
850.052,0.03715549955678101,0.0028115823074994985,0.03704896965155859
850.195,0.03663240535472855,0.003891292055446853,0.036425141979302716
850.338,0.03660256162274867,0.002081996525549108,0.03654330045048908
850.481,0.03778433455330561,0.0028970780048382665,0.037673105482160706
850.624,0.03849283326740909,0.004486509594361313,0.03823047795427439
850.766,0.03826835153365644,0.004882029163634297,0.037955665194393966
850.909,0.03849549196925179,0.0035535503185972817,0.0383311254998849
851.052,0.03800037486552347,0.003639319713490684,0.03782570345602717
851.195,0.03869340650903804,0.003028388877916755,0.0385747141023466
851.338,0.03831642844716589,0.0016144721204631686,0.03828240024762071
851.48,0.038624988093192376,0.0033733939077613285,0.03847739490587079
851.623,0.03888875902087191,0.0033468855613085504,0.03874446973727928
851.766,0.03974245492519222,0.00446930503355902,0.03949035370818979
851.908,0.04001633520324607,0.005293021280293816,0.039664732557082846
852.051,0.039895088743049735,0.0034471485616911486,0.0397458837190651
852.193,0.03932017602689252,0.004986859072398572,0.03900265990131762
852.336,0.03907072267844852,0.005789044663374604,0.038639465996590655
852.478,0.03900433881854434,0.005894175818343373,0.03855641500573233
852.621,0.03848955543255242,0.005145860927735884,0.03814401647320228
852.763,0.038787235309369214,0.006033493290863042,0.0383150960021437
852.905,0.03872125256547725,0.0045834865842957736,0.03844901885576613
853.048,0.03814263422668263,0.00497462552444012,0.03781684342514709
853.19,0.03771291756451719,0.003744115497410067,0.037526600570397035
853.332,0.03841071869290899,0.0035837862261387885,0.03824316653718839
853.475,0.039907138603001865,0.004334873078458429,0.03967100435926545
853.617,0.040453217860257074,0.00506483428295631,0.04013490113274994
853.759,0.04016036996712461,0.00479612033187669,0.03987295506553889
853.901,0.04087366639675616,0.004102811923187646,0.040667229301198565
854.043,0.04053069583219431,0.002242562236184253,0.04046860782456809
854.185,0.04025976665537757,0.002720104515129727,0.04016777119248991
854.327,0.041776874529024705,0.0034963709261963964,0.04163030909998534
854.469,0.04176446926885622,0.004567372853972194,0.04151397353328194
854.611,0.04283302533897991,0.005752357168008475,0.042445004967620825
854.753,0.04330043646106221,0.00442830496127571,0.04307340145482391
854.895,0.04335570491868503,0.00625795859496734,0.04290169114638447
855.037,0.042980847345027426,0.006621105563539688,0.04246780191642858
855.178,0.04289210781386157,0.005911724244218773,0.04248275449139616
855.32,0.042030463573171715,0.005166225869591941,0.041711748685952656
855.462,0.0414482561983011,0.005600066986393572,0.04106820170920454
855.604,0.04223867628743326,0.005838776503698742,0.041833174197691864
855.745,0.042480122893553865,0.004445409341750639,0.04224688363460334
855.887,0.042017633380904515,0.0058903810172617425,0.041602703354512716
856.028,0.042062221724379865,0.0035933859589593283,0.04190844871551377
856.17,0.04245395675149733,0.004573619701609976,0.04220687677006024
856.311,0.043221682619068114,0.004505132936690228,0.04298624926236533
856.453,0.04367270342340619,0.005683196371544027,0.04330134297352986
856.594,0.04387513886186488,0.0058367627756162055,0.04348517000598143
856.736,0.04554771896875661,0.005066817271423087,0.04526502033573872
856.877,0.04499633148799702,0.004752606300357303,0.04474463745223014
857.019,0.04492384694272324,0.005001192791544385,0.044644597599205985
857.16,0.04406164499568214,0.0045449614801692404,0.043826611606069876
857.301,0.04340319507385361,0.005768944404557115,0.04301809646039815
857.442,0.044131370879466655,0.004497330973102624,0.04390161625520647
857.584,0.04430402321237514,0.0035625394927742172,0.04416055689373832
857.725,0.04361215738270779,0.0033406838728908426,0.04348402123579972
857.866,0.04521419043166089,0.003124121143159498,0.04510612911205481
858.007,0.04644099515542859,0.003475815564758606,0.04631074105632864
858.148,0.04587748818711187,,0.04589519458808802
858.289,0.046748844146130876,0.002576707399332045,0.046677778524448474
858.43,0.04575870489568312,0.0025468026894352796,0.04568777593395524
858.571,0.04649764717336546,0.003291303481990047,0.04638101458623153
858.712,0.046146966453000586,0.002464302056504435,0.046081121168963214
858.853,0.04551187149725727,0.0017152747419660215,0.04547953693412492
858.994,0.046023084927813894,0.0034266310436167793,0.045895343401740576
859.134,0.04674545258957125,0.004768870615388569,0.046501561380856204
859.275,0.04592264244674197,0.004830354175571459,0.045667896468195766
859.416,0.04632424427177557,0.004540801468375886,0.0461011575708889
859.557,0.046661695437396046,0.005031756194868538,0.04638960282959652
859.697,0.046241466372466546,0.0045114848092658675,0.046020861759551154
859.838,0.04506998932686556,0.0024689874747802544,0.04500231148255781
859.978,0.04573866683134112,0.003828277484519287,0.04557817388849565
860.119,0.04493316792869573,0.0027432151642175543,0.044849351730779544
860.26,0.045254141011310256,0.005229840596473442,0.04495092931194005
860.4,0.045974516743605275,0.00451004137150254,0.04575276731122804
860.541,0.045314997705972755,0.0033597016937231172,0.045190280167548315
860.681,0.04409951055731684,0.0032263524748118704,0.04398133105197221
860.821,0.04478246676777577,0.003032949873977106,0.044679643517701484
860.962,0.04546543057610793,,0.045477191594689666
861.102,0.04427115465434715,,0.044388291227984836
861.242,0.043734102149581275,,0.04389421651901925
861.383,0.04278439877517524,,0.04285794509047832
861.523,0.041994961963534805,,0.04205806025228362
861.663,0.04200756768896535,,0.04202928348273006
861.803,0.04367051896697579,,0.0437559624108369
861.943,0.04376872251242719,,0.0438901170891825
862.083,0.04405442310092958,,0.04422501601164895
862.223,0.04541761953134796,,0.04553652531757287
862.363,0.04632429783223173,,0.04639962150132799
862.503,0.04579924486407636,,0.04589023940946084
862.643,0.04582724326769817,,0.045903400125424654
862.783,0.045802013065359505,,0.045861608208417
862.923,0.04601558306429691,,0.04605462083487153
863.063,0.047064991992565905,0.0026260323489077893,0.046991674000431
863.203,0.04744923923051373,,0.04755867014016267
863.342,0.04902700047832766,0.0011505881228276568,0.04901349735403044
863.482,0.0493435989594385,,0.04936927746359537
863.622,0.04901078541092989,,0.04902904212823565
863.761,0.04850541016149243,,0.04853244756315546
863.901,0.04990789795561393,,0.04998367462889469
864.041,0.04988113540381004,,0.04993277806177693
864.18,0.04925157300561394,,0.04927723543395184
864.32,0.04812179274091815,0.00345698341807823,0.04799746037288863
864.459,0.04853737168987219,0.003272752958978843,0.04842690924094063
864.599,0.04848880012165386,0.003666121028446234,0.04835000820933212
864.738,0.048396224627616995,0.0027327505271494577,0.04831900902091356
864.877,0.04789643029679239,0.004027265970697309,0.04772681807932261
865.017,0.048021343862199875,0.0057982260337965386,0.04767001196971368
865.156,0.04776881035537233,0.005778328373711574,0.047418036272847554
865.295,0.046033314783899326,0.006910658938940145,0.04551163436994118
865.435,0.045706203330183236,0.007412684742836248,0.04510109896403164
865.574,0.04624057283567489,0.008376872550660913,0.04547547231685822
865.713,0.04590084020883393,0.008721432183600898,0.04506466190424328
865.852,0.04550317440247777,0.008060606742228096,0.04478354049926663
865.991,0.04633908225970125,0.008514543898535759,0.045550116211391455
866.13,0.047529305290400274,0.008894680339979259,0.046689608298181924
866.269,0.04818958485203465,0.007305767445841967,0.04763257131668123
866.408,0.04854160975705522,0.009454396608680414,0.047611997044568616
866.547,0.048933786708053074,0.008947527783819468,0.04810880613928192
866.686,0.04966410526253182,0.008400654536074654,0.04894846631809182
866.825,0.05086548062345544,0.009423770864106602,0.04998489433574844
866.964,0.050751671538390275,0.00951731986912701,0.04985130676772048
867.103,0.04996845149023861,0.008502641726342805,0.04923973220891624
867.241,0.05052319657287826,0.007818525051333413,0.049914567592671474
867.38,0.05074457409507054,0.007650412713157198,0.05016455905725144
867.519,0.052826740686783134,0.005886807340987188,0.05249771453043196
867.657,0.053128263710032576,0.004856055154426806,0.052905870498272015
867.796,0.05366418760981538,0.0049744305252014094,0.05343313646765841
867.935,0.053261930188693414,0.004896510021221597,0.05303637805353348
868.073,0.05425811692846765,0.005264495387163419,0.054002114226591194
868.212,0.053373886007207216,0.0034309246491692293,0.053263500293935555
868.35,0.05329062439059719,0.0042060352375191574,0.05312438155423985
868.489,0.05223213336618828,0.0029789284697872586,0.05214711632636238
868.627,0.05118563844359247,0.006111200623988537,0.05081951209733849
868.766,0.05069339427074198,0.006596493122972575,0.050262376596888765
868.904,0.04964761197964472,0.0068466327509523394,0.04917325487757495
869.042,0.050184122376591006,0.006218849473189234,0.04979730966566845
869.181,0.04986906533078129,0.004156150320226394,0.0496955741639174
869.319,0.04893523547948262,0.0043087147031760685,0.04874517667461109
869.457,0.047282079725829,0.004146630967054609,0.047099899307989114
869.595,0.04753472511306723,0.003758474553438602,0.04738590466168203
869.733,0.04744735286150411,0.002425579437133863,0.047385312681866264
869.871,0.047509937709086084,0.0029396163347020676,0.04741890801068697
870.009,0.049722743454628154,0.0011267352653411306,0.049709975702031915
870.148,0.05163862678922823,0.002209066072794962,0.051591353963268166
870.286,0.051056035590029254,,0.051058222678328685
870.423,0.050444338141436,,0.05045148720444421
870.561,0.051844055328970774,,0.051851153049896785
870.699,0.051035061797289324,,0.051127638414675936
870.837,0.05172484733366262,,0.051726385444182336
870.975,0.051232403880084654,0.004460973425455586,0.051037818560646694
871.113,0.05036353860315704,0.0038332925829550756,0.05021744605816937
871.251,0.05165470065068782,0.00339800443354442,0.05154281390438227
871.388,0.05152101133555176,0.004861439757023795,0.051291139707817776
871.526,0.05227982405664174,0.006308542339414197,0.05189780628258997
871.664,0.05293267293798087,0.006831133256491712,0.05249003222318791
871.801,0.053284191436938515,0.0037909926895264667,0.0531491620960883
871.939,0.05368940589922928,0.004397044413598106,0.05350904882575508
872.076,0.053977798124793495,0.004318471076318671,0.05380477207426827
872.214,0.053007418173208684,0.004064831792433896,0.052851334173213006
872.351,0.05448150718979091,0.005019281403165172,0.054249805897045186
872.489,0.055297593786646115,0.004546195678862104,0.05511039814265924
872.626,0.05673231543479822,0.004242013934257883,0.056573500266246614
872.764,0.056361023119419915,0.003286413530894684,0.056265126083318594
872.901,0.056248251801790064,0.003520955602996232,0.05613794351772523
873.038,0.056430720445803106,0.006295222469528065,0.056078484145807024
873.176,0.056185216824787505,0.005974672763819659,0.055866643670563
873.313,0.057055483234239646,0.006596791048910074,0.0566728375410092
873.45,0.057746663660518005,0.005575568448429795,0.05747686665431463
873.587,0.05864212195923453,0.00422591576331425,0.05848965809306043
873.724,0.057833580466674056,0.004111877427430255,0.05768722123327707
873.861,0.05801845233769348,0.0057828700054242,0.05772953512857674
873.998,0.05858992849313986,0.005422138453452581,0.058338496170391926
874.135,0.058376913288745,0.005934238102206116,0.058074510960213675
874.272,0.058502562711531904,0.004941562453236578,0.05829348852434108
874.409,0.058446725300832066,0.00413883880987711,0.058299997527416575
874.546,0.0562755213867265,0.0023909038292846568,0.05622470885853499
874.683,0.05674692491862292,0.0036767702212916293,0.056627686236148216
874.82,0.05574563710860432,0.005374715893730769,0.05548593052032092
874.957,0.054455145588963035,0.00760352087317787,0.053921696481530584
875.094,0.054380427481078304,0.006911449497107413,0.05393943602665632
875.23,0.05541420527964284,0.004872552837781587,0.05519956861803743
875.367,0.05594285306167837,0.006321761830524481,0.055584513455086214
875.504,0.055080417009538585,0.005118558926357601,0.054842070461116554
875.64,0.05497872068834164,0.006364197140797038,0.05460912673976536
875.777,0.05473304985809874,0.004847072631023348,0.054518002840150945
875.913,0.0540169732897055,0.0009731328051696206,0.054008206931208703
876.05,0.05495369484161267,,0.054978431826333385
876.187,0.05679008408989183,,0.056890514034888796
876.323,0.05884122643216337,,0.058885402476772285
876.459,0.058505861414890954,,0.05867954643221685
876.596,0.05997568291867082,,0.06010116706570909
876.732,0.05964281680087691,,0.059860392282646516
876.868,0.05982998492801567,,0.060030811751360456
877.005,0.05919799633801759,,0.0594968537356302
877.141,0.05829721418258807,,0.05857886418821298
877.277,0.05916910008102927,,0.059452377377197475
877.413,0.05920078461782922,,0.05949816042568915
877.55,0.06033651301896821,,0.06045394264124271
877.686,0.060552519570864764,,0.06056106151795821
877.822,0.05998026240238453,,0.06010220865693859
877.958,0.06014016935689735,,0.06022088203859381
878.094,0.060454164482069764,,0.060643448585456526
878.23,0.059291887810307975,,0.05954424827607017
878.366,0.06048770625430506,,0.060717960525312586
878.502,0.0610269097129346,,0.06119122725476293
878.637,0.06168332372250243,,0.06185468091784624
878.773,0.06295805084386531,,0.06312864984222048
878.909,0.061633479956020226,,0.06171554097003752
879.045,0.06318829233150748,,0.06342219292796104
879.181,0.0642536704715288,,0.06457651966933997
879.316,0.06525522383748733,,0.06558167161413696
879.452,0.06613576705621245,,0.06648425484749512
879.588,0.06498254256684248,,0.06541171880764972
879.723,0.06315230957936484,,0.06356999247455922
879.859,0.06354317692350166,,0.06386248438958017
879.994,0.06299826398131365,,0.06331361994069426
